username;date;retweets;favorites;text;geo;mentions;hashtags;id;permalink
zombeatz18;2017-07-06 23:50;0;0;"Here's the real headline: $ GS has been getting hammered on its Tesla ratings! pic.twitter.com/wRRYjgF5D4";;;;"883110883735478272";https://twitter.com/zombeatz18/status/883110883735478272
optionalarmchat;2017-07-06 23:50;0;0;"REAL TIME TRADE ALERTS via PRIVATE $ TWTR FEED, perfect for people who have FT jobs and trade part-time! $ AMZN $ NFLX $ GOOGL $ NVDA $ GS $ FB";;;;"883110841062764544";https://twitter.com/optionalarmchat/status/883110841062764544
ExactOptionPick;2017-07-06 23:30;0;0;"ACTIVE TRADERS choose one of these FREE trading guides: http:// ow.ly/ZBYt30dnyts $ NFLX $ TSLA $ AAPL $ TWTR $ GS $ FB $ AMZN $ GOOGL $ NVDA";;;;"883105856077869056";https://twitter.com/ExactOptionPick/status/883105856077869056
optionalarmchat;2017-07-06 23:20;0;0;"If you’re not making money in this market & want consistency, try our team http:// ow.ly/NYLN30dnyUl $ FB $ NFLX $ TWTR $ GOOGL $ TSLA $ AAPL $ GS";;;;"883103282062913537";https://twitter.com/optionalarmchat/status/883103282062913537
BMisconduct;2017-07-06 23:05;3;4;"#LegalQ Thur: How is making fun of #FakeNews #CNN considered "ugly behavior"? #indictKaczynski #indictZucker #indictLynch #DNClawsuit $ GS";;;#LegalQ #FakeNews #CNN #indictKaczynski #indictZucker #indictLynch #DNClawsuit;"883099529901486081";https://twitter.com/BMisconduct/status/883099529901486081
ExactOptionPick;2017-07-06 23:00;0;0;"Don't miss our next FREE OPTION TRADE. Sign up for our Daily Free Trades at http:// ow.ly/PcAz30dnytp $ NVDA $ TSLA $ GS $ C $ WFC $ GOOGL $ FB";;;;"883098411465138176";https://twitter.com/ExactOptionPick/status/883098411465138176
pennyomegaCRWE;2017-07-06 22:50;0;0;"Stock Market Commentary for Friday, July 07 $ BGNE , $ LB , $ YUMC , $ BP , $ NVDA , $ GILD , $ GS , $ M , $ SONC , $ CELG , $ MPC , $ TSLA http:// crweworld.com/article/financ e/114480/the-moskowitz-report-bgne-lb-yumc-bp-nvda-gild-gs-m-sonc-celg-mpc-tsla-c-rl-rick-thc-apc-aapl-bac-dds-jack-regn-xom-amzn-xlf-wmt-biib-psx-nflx-shld-rrgb-stock-market-commentary-for-friday-july-07-2017 …";;;;"883095903690555392";https://twitter.com/pennyomegaCRWE/status/883095903690555392
optionalarmchat;2017-07-06 22:50;0;0;"REAL TIME TRADE ALERTS via PRIVATE $ TWTR FEED, perfect for people who have FT jobs and trade part-time! $ BIDU $ NFLX $ GOOGL $ BABA $ GS $ FB";;;;"883095752913952772";https://twitter.com/optionalarmchat/status/883095752913952772
SwingTradeBotCA;2017-07-06 22:47;0;0;"Scan results - Expansion Breakout today: $ GS $ VPY $ AC $ WJA $ ENB.PR .N $ BXE ... https:// canada.swingtradebot.com/events/45/equi ties?selected_date=2017-07-06 …";;;;"883095189467914242";https://twitter.com/SwingTradeBotCA/status/883095189467914242
NaomiFrances1;2017-07-06 22:37;0;0;"look how well Brexit is working for North Korea. ... yeah! $ hlf $ cmg $ vrx $ bac $ gs $ tsla https:// twitter.com/lionelbarber/s tatus/882854476863950848 …";;;;"883092671178436609";https://twitter.com/NaomiFrances1/status/883092671178436609
ExactOptionPick;2017-07-06 22:30;0;0;"ACTIVE TRADERS choose one of these FREE trading guides: http:// ow.ly/CfPt30dnyto $ NFLX $ TSLA $ AAPL $ IBB $ GS $ FB $ AMZN $ GOOGL $ NVDA";;;;"883090761675407360";https://twitter.com/ExactOptionPick/status/883090761675407360
krollbondrating;2017-07-06 22:23;0;0;"#KBRA Affirms All Classes of GSMS 2013-GCJ14 http:// bit.ly/2tNQxTn | #CMBS $ GS $ MS";;;#KBRA #CMBS;"883089161430892545";https://twitter.com/krollbondrating/status/883089161430892545
finzine;2017-07-06 22:17;0;0;"$ GS Buffett's Berkshire Hathaway nears deal for bankrupt Oncor -sources https:// finance.yahoo.com/news/berkshire -hathaway-nears-deal-buy-182902525.html …";;;;"883087653926842371";https://twitter.com/finzine/status/883087653926842371
ExactOptionPick;2017-07-06 22:00;0;0;"Don't miss our next FREE OPTION TRADE. Sign up for our Daily Free Trades at http:// ow.ly/rAOh30dnytn $ NVDA $ TSLA $ GS $ GILD $ BIIB $ GOOGL $ FB";;;;"883083341041471488";https://twitter.com/ExactOptionPick/status/883083341041471488
optionalarmchat;2017-07-06 21:50;0;0;"REAL TIME TRADE ALERTS via PRIVATE $ TWTR FEED, perfect for people who have FT jobs and trade part-time! $ AMZN $ NFLX $ IBB $ BABA $ GS $ FB";;;;"883080650177339393";https://twitter.com/optionalarmchat/status/883080650177339393
StockQuotes_Now;2017-07-06 21:39;0;0;"$ TSLA is down 16% in the last 3 days after Q2 sales remained flat and Goldman Sachs $ GS giving price target of $180 before #Model3 release. pic.twitter.com/Ygmsd5nFZh";;;#Model3;"883077952245596160";https://twitter.com/StockQuotes_Now/status/883077952245596160
iamtito_;2017-07-06 21:37;0;0;"$ GS - Prospectus Filed Pursuant to Rule 424(b)(2) (424b2) http:// ih.advfn.com/p.php?pid=nmon a&article=75189825&adw=1126416 …";;;;"883077484551524354";https://twitter.com/iamtito_/status/883077484551524354
iamtito_;2017-07-06 21:34;0;0;"$ GS - Free Writing Prospectus - Filing Under Securities Act Rules 163/433 (fwp) http:// ih.advfn.com/p.php?pid=nmon a&article=75189812&adw=1126416 …";;;;"883076636211634176";https://twitter.com/iamtito_/status/883076636211634176
ExactOptionPick;2017-07-06 21:30;0;0;"ACTIVE TRADERS choose one of these FREE trading guides: http:// ow.ly/HnPh30dnytm $ NFLX $ TSLA $ AAPL $ JWN $ GS $ FB $ AMZN $ GOOGL $ NVDA";;;;"883075673514020865";https://twitter.com/ExactOptionPick/status/883075673514020865
optionalarmchat;2017-07-06 21:20;0;0;"If you’re not making money in this market & want consistency, try our team http:// ow.ly/1ANx30dnyUi $ FB $ NFLX $ AMZN $ GOOGL $ BIDU $ AAPL $ GS";;;;"883073093828325382";https://twitter.com/optionalarmchat/status/883073093828325382
newswelldone;2017-07-06 21:13;0;0;"$ GS : Goldman Economists See Drug Epidemic Taking Toll on US Economy: http://www. StockNewsWires.com/gs-goldman-eco nomists-see-drug-epidemic-taking-toll-on-us-economy/ …";;;;"883071319050297344";https://twitter.com/newswelldone/status/883071319050297344
Ryandaniel78;2017-07-06 21:12;0;1;"Everyone, including myself, thought that $ GS move was coming today.";;;;"883071219951685633";https://twitter.com/Ryandaniel78/status/883071219951685633
DrewZeitlin;2017-07-06 21:10;1;1;"$ GS EPS TY is a super 34%, EPS Q/Q is an outstanding 91% 1 min video #WallStreet #Money #Investor #SwingTrading http:// ow.ly/21Eu30dphOU";;;#WallStreet #Money #Investor #SwingTrading;"883070565153746945";https://twitter.com/DrewZeitlin/status/883070565153746945
ExactOptionPick;2017-07-06 21:00;0;0;"Don't miss our next FREE OPTION TRADE. Sign up for our Daily Free Trades at http:// ow.ly/B5zc30dnyti $ NVDA $ TSLA $ GS $ REGN $ BAC $ GOOGL $ FB";;;;"883068253073010690";https://twitter.com/ExactOptionPick/status/883068253073010690
iamtito_;2017-07-06 20:55;0;0;"$ GS - Prospectus Filed Pursuant to Rule 424(b)(2) (424b2) http:// ih.advfn.com/p.php?pid=nmon a&article=75189460&adw=1126416 …";;;;"883066789369978881";https://twitter.com/iamtito_/status/883066789369978881
robenfarzad;2017-07-06 20:50;0;1;"Coming soon: SquidR™ $ GS #GoldmanSachs #WallStreet #banking #AppStore #Apps https:// amp.businessinsider.com/goldman-sachs- is-building-a-consumer-iphone-app-2017-7 …";;;#GoldmanSachs #WallStreet #banking #AppStore #Apps;"883065653254647816";https://twitter.com/robenfarzad/status/883065653254647816
naashonomics;2017-07-06 20:50;0;0;"$ TSLA you can't beat $ GS in their game join the, opened a short position on $ TSLA";;;;"883065639484538880";https://twitter.com/naashonomics/status/883065639484538880
optionalarmchat;2017-07-06 20:50;0;0;"REAL TIME TRADE ALERTS via PRIVATE $ TWTR FEED, perfect for people who have FT jobs and trade part-time! $ AMZN $ NFLX $ GOOGL $ PCLN $ GS $ FB";;;;"883065555284090880";https://twitter.com/optionalarmchat/status/883065555284090880
bfsi_financial;2017-07-06 20:48;0;0;"#GoldmanSachs provides debt financing to Rock Dental. Read more: http:// owler.us/acZfMf $ GS";;;#GoldmanSachs;"883065168074166272";https://twitter.com/bfsi_financial/status/883065168074166272
iamtito_;2017-07-06 20:43;0;0;"$ GS - Prospectus Filed Pursuant to Rule 424(b)(2) (424b2) http:// ih.advfn.com/p.php?pid=nmon a&article=75189357&adw=1126416 …";;;;"883063777725493249";https://twitter.com/iamtito_/status/883063777725493249
PatrickWalker56;2017-07-06 20:33;0;5;"MAXLIST. Sloppy. Very aggressive plays: $ AMZN , $ GOOGL , $ GS , $ BABA . ($BABA looks best.) Need a GOOD market also! pic.twitter.com/k8TEZqQAJv";;;;"883061274443227139";https://twitter.com/PatrickWalker56/status/883061274443227139
SharePlanner;2017-07-06 20:32;7;1;"4 Stock Investments That Are Poised To Go Up During The Trump Presidency + free cheatsheet $ CAT $ TWTR $ GS $ ACM http:// bit.ly/2lSeq89";;;;"883060989264097280";https://twitter.com/SharePlanner/status/883060989264097280
ExactOptionPick;2017-07-06 20:30;0;0;"ACTIVE TRADERS choose one of these FREE trading guides: http:// ow.ly/vIdp30dnyth $ NFLX $ TSLA $ AAPL $ BIDU $ GS $ FB $ AMZN $ GOOGL $ NVDA";;;;"883060612674224128";https://twitter.com/ExactOptionPick/status/883060612674224128
JMVala_Trades;2017-07-06 20:21;0;13;"In a perfect world, $ ES_F would gap lower into volume support, Financials would hold range, and then it's be swing super long $ GS $ BAC $ JPM";;;;"883058232645832704";https://twitter.com/JMVala_Trades/status/883058232645832704
optionalarmchat;2017-07-06 20:20;0;0;"If you’re not making money in this market & want consistency, try our team http:// ow.ly/WWfC30dnyUh $ F $ NFLX $ AMZN $ GOOGL $ TSLA $ AAPL $ GS";;;;"883058004224028674";https://twitter.com/optionalarmchat/status/883058004224028674
TraderGuruNY;2017-07-06 20:17;0;1;"Dow Jones Analysis Video - $ DJIA $ DIA $ SDOW $ XOM $ GE $ GS $ MRK $ PFE $ BMY $ VZ https:// stockmarketvideo.com/dow-jones-vide o/ … #stocks pic.twitter.com/LrmqDyRhWQ";;;#stocks;"883057453725822976";https://twitter.com/TraderGuruNY/status/883057453725822976
MBAbstract;2017-07-06 20:16;0;0;"It's Time for Wall Street to Give Up Its Love Affair With the Dow Jones Industrial Average $^DJI, $^GSPC, $ GS , $ GE https://www. fool.com/investing/2017 /07/06/its-time-for-wall-street-to-give-up-its-love-affai.aspx …";;;;"883057200175992832";https://twitter.com/MBAbstract/status/883057200175992832
Garfield0368;2017-07-06 20:16;0;0;"$ GS What is going on AH here? Did someone put in the wrong price?";;;;"883057052389490692";https://twitter.com/Garfield0368/status/883057052389490692
advocate_yousuf;2017-07-06 20:11;0;1;"Retweeted Goldman Sachs ( @GoldmanSachs ): What’s in store for global growth during the 2nd half of the year? $ GS '... http:// fb.me/8Cq9zW4Bq";;@GoldmanSachs;;"883055898448601088";https://twitter.com/advocate_yousuf/status/883055898448601088
iamtito_;2017-07-06 20:07;0;0;"$ GS - Prospectus Filed Pursuant to Rule 424(b)(2) (424b2) http:// ih.advfn.com/p.php?pid=nmon a&article=75188822&adw=1126416 …";;;;"883054740522795008";https://twitter.com/iamtito_/status/883054740522795008
iamtito_;2017-07-06 20:07;0;0;"$ GS - Prospectus Filed Pursuant to Rule 424(b)(2) (424b2) http:// ih.advfn.com/p.php?pid=nmon a&article=75188821&adw=1126416 …";;;;"883054738010501122";https://twitter.com/iamtito_/status/883054738010501122
MITickWatcher;2017-07-06 20:05;0;0;"Top #moneyflow for #sp500 today $ GE $ AAPL $ BAC $ CMCSA $ CSCO $ AMZN $ C $ BA $ EQT $ GS ... https:// appsto.re/i6hH3LG";;;#moneyflow #sp500;"883054207196176384";https://twitter.com/MITickWatcher/status/883054207196176384
ExactOptionPick;2017-07-06 20:00;0;0;"Don't miss our next FREE OPTION TRADE. Sign up for our Daily Free Trades at http:// ow.ly/4zaC30dnytd $ NVDA $ TSLA $ GS $ GILD $ MU $ GOOGL $ FB";;;;"883053168468385792";https://twitter.com/ExactOptionPick/status/883053168468385792
Urbanomical;2017-07-06 19:52;0;2;"$ GS I see more downside from previous highs but support at 224.53";;;;"883051157999964160";https://twitter.com/Urbanomical/status/883051157999964160
Trading_Analyst;2017-07-06 19:52;0;0;"$ GS this move higher paid of nicely for myself and members :) pic.twitter.com/Qqnbw3Bqpa";;;;"883051058691485697";https://twitter.com/Trading_Analyst/status/883051058691485697
TradeLikeElvis;2017-07-06 19:51;0;1;"$ SPY $ NVDA $ AAPL $ FB $ BAC $ GS closing orders are $350 million to buy side. Let's see if there are sellers to meet that or if we spike here";;;;"883050706135113728";https://twitter.com/TradeLikeElvis/status/883050706135113728
optionalarmchat;2017-07-06 19:50;0;0;"REAL TIME TRADE ALERTS via PRIVATE $ TWTR FEED, perfect for people who have FT jobs and trade part-time! $ AAPL $ NFLX $ GOOGL $ BABA $ GS $ FB";;;;"883050462634795008";https://twitter.com/optionalarmchat/status/883050462634795008
Quagmires;2017-07-06 19:48;0;0;"$ TSLA $303 watched pot not worth waiting for...closed puts, ty $ GS";;;;"883050033343373312";https://twitter.com/Quagmires/status/883050033343373312
TradeLikeElvis;2017-07-06 19:47;0;0;"$ NVDA $ AAPL $ FB $ AMZN $ BAC $ GS $ SPY everyone wants a dip...but when the dip comes, people run away. #marketpsychology #greed";;;#marketpsychology #greed;"883049705839710208";https://twitter.com/TradeLikeElvis/status/883049705839710208
robenfarzad;2017-07-06 19:45;0;1;"" #Trump was the poster child of the kind of client that #GoldmanSachs warned its bankers to avoid" @WilliamCohan $ gs http://www. vanityfair.com/news/2017/06/t he-untold-story-of-how-gary-cohn-donald-trump-goldman-sachs-alumni …";;@WilliamCohan;#Trump #GoldmanSachs;"883049181241380864";https://twitter.com/robenfarzad/status/883049181241380864
iamtito_;2017-07-06 19:40;0;0;"$ GS - Prospectus Filed Pursuant to Rule 424(b)(2) (424b2) http:// ih.advfn.com/p.php?pid=nmon a&article=75188633&adw=1126416 …";;;;"883047914754461696";https://twitter.com/iamtito_/status/883047914754461696
hughgrection00;2017-07-06 19:38;0;0;"It's just starting. Genuinely. How can the greatest manipulator in stock market history $ gs say that stock is 100% ONE HUNDRED % overvalued?";;;;"883047421567262720";https://twitter.com/hughgrection00/status/883047421567262720
ExactOptionPick;2017-07-06 19:30;1;1;"ACTIVE TRADERS choose one of these FREE trading guides: http:// ow.ly/EY7030dnytc $ NFLX $ TSLA $ AAPL $ PCLN $ GS $ FB $ AMZN $ GOOGL $ NVDA";;;;"883045515470016518";https://twitter.com/ExactOptionPick/status/883045515470016518
fatdaz;2017-07-06 19:25;0;0;"Interesting coz guns kill same numbers p.a. $ GS thinks the opioid crisis is so bad it’s affecting the economy - CNBC http://www. cnbc.com/2017/07/06/opi oid-crisis-keeping-us-from-reaching-full-employment-goldman.html …";;;;"883044298761142272";https://twitter.com/fatdaz/status/883044298761142272
iamtito_;2017-07-06 19:25;0;0;"$ GS - Prospectus Filed Pursuant to Rule 424(b)(2) (424b2) http:// ih.advfn.com/p.php?pid=nmon a&article=75188562&adw=1126416 …";;;;"883044134457573376";https://twitter.com/iamtito_/status/883044134457573376
optionalarmchat;2017-07-06 19:20;0;0;"If you’re not making money in this market & want consistency, try our team http:// ow.ly/Vqb930dnyUg $ BA $ NFLX $ AMZN $ GOOGL $ TSLA $ AAPL $ GS";;;;"883042905673285632";https://twitter.com/optionalarmchat/status/883042905673285632
TradingSchool4U;2017-07-06 19:07;0;0;"A Simple Day Trading Strategy/PRB https:// youtu.be/JbIsabEdI70 via @YouTube #Trading #Stocks #Options #Success $ AAPL $ TWTR $ AMZN $ GM $ GS $ F $ DGAZ";;@YouTube;#Trading #Stocks #Options #Success;"883039631784132608";https://twitter.com/TradingSchool4U/status/883039631784132608
iamtito_;2017-07-06 19:04;0;0;"$ GS - Prospectus Filed Pursuant to Rule 424(b)(2) (424b2) http:// ih.advfn.com/p.php?pid=nmon a&article=75188472&adw=1126416 …";;;;"883038849160687616";https://twitter.com/iamtito_/status/883038849160687616
iamtito_;2017-07-06 19:01;0;0;"$ GS - Prospectus Filed Pursuant to Rule 424(b)(2) (424b2) http:// ih.advfn.com/p.php?pid=nmon a&article=75188461&adw=1126416 …";;;;"883038096903852032";https://twitter.com/iamtito_/status/883038096903852032
iamtito_;2017-07-06 19:01;0;0;"$ GS - Prospectus Filed Pursuant to Rule 424(b)(2) (424b2) http:// ih.advfn.com/p.php?pid=nmon a&article=75188463&adw=1126416 …";;;;"883038093418389506";https://twitter.com/iamtito_/status/883038093418389506
LargeVoidBot;2017-07-06 19:00;0;0;"Popular: $ UWT , $ DWT , $ WLL , $ GS , $ TIPT , $ UAA , $ PPL";;;;"883037971057786880";https://twitter.com/LargeVoidBot/status/883037971057786880
ExactOptionPick;2017-07-06 19:00;0;0;"Don't miss our next FREE OPTION TRADE. Sign up for our Daily Free Trades at http:// ow.ly/LUjv30dnytb $ NVDA $ TSLA $ GS $ ORCL $ BAC $ GOOGL $ FB";;;;"883037965051715584";https://twitter.com/ExactOptionPick/status/883037965051715584
OptionsMaxPain;2017-07-06 18:59;0;0;"#Options #maxpain chart for $ GS . Free options app http://www. mystockstation.com / pic.twitter.com/RHWOtwY0IN";;;#Options #maxpain;"883037593369235456";https://twitter.com/OptionsMaxPain/status/883037593369235456
TDAJJKinahan;2017-07-06 18:55;3;6;"Heading into earnings, big banks get the go-ahead from the Fed for share buybacks and dividends. $ SPX $ GS $ MS $ WFC http:// bit.ly/2sKsSUk pic.twitter.com/BdMSLtqVyL";;;;"883036626477359104";https://twitter.com/TDAJJKinahan/status/883036626477359104
newswelldone;2017-07-06 18:55;0;0;"$ BRK.B $ GS : How You Can Instantly Tell Billionaire Warren Buffett Is Still Betting …: http://www. StockNewsWires.com/brk-b-gs-how-y ou-can-instantly-tell-billionaire-warren-buffett-is-still-betting/ …";;;;"883036602267648000";https://twitter.com/newswelldone/status/883036602267648000
1MinuteStock;2017-07-06 18:53;0;1;"Do you know that #Book Value for $ GS is $184.98 https:// unicornbay.com/t/GS.US?utm_me dium=tweet&utm_campaign=bookvalue&utm_source=twitter …";;;#Book;"883036079867154432";https://twitter.com/1MinuteStock/status/883036079867154432
iamtito_;2017-07-06 18:52;0;0;"$ GS - Prospectus Filed Pursuant to Rule 424(b)(2) (424b2) http:// ih.advfn.com/p.php?pid=nmon a&article=75188418&adw=1126416 …";;;;"883035833938444288";https://twitter.com/iamtito_/status/883035833938444288
optionalarmchat;2017-07-06 18:50;0;0;"REAL TIME TRADE ALERTS via PRIVATE $ TWTR FEED, perfect for people who have FT jobs and trade part-time! $ AMZN $ NTES $ GOOGL $ BABA $ GS $ FB";;;;"883035382593531904";https://twitter.com/optionalarmchat/status/883035382593531904
SilverFondler;2017-07-06 18:48;0;0;"$ TSLA so $ GS kind of hit this on the head just a touch... Then there is Mr. Ackman. Then the safety tests failed, then the battery shortage";;;;"883035000245026817";https://twitter.com/SilverFondler/status/883035000245026817
OptionsProOI;2017-07-06 18:45;0;1;"$ GS #Options OI chart. Free stocks app http://www. mystockstation.com / pic.twitter.com/w5TkZZC0Yf";;;#Options;"883034062767738880";https://twitter.com/OptionsProOI/status/883034062767738880
ARatings;2017-07-06 18:41;0;0;"Desjardins Remains a Hold on Gluskin Sheff + Assc $ GS http://www. analystratings.com/2017/07/06/des jardins-remains-a-hold-on-gluskin-sheff-assc/490312/ …";;;;"883033170597335040";https://twitter.com/ARatings/status/883033170597335040
SEEKINGALPHA_FS;2017-07-06 18:31;0;0;"Horse-Before-The-Cart FinTech https:// seekingalpha.com/article/408611 4-horse-cart-fintech?source=twitter_sa_factset … $ C $ CBOE $ GS $ ICE $ JPM $ NDAQ";;;;"883030579356213248";https://twitter.com/SEEKINGALPHA_FS/status/883030579356213248
SeekingAlpha;2017-07-06 18:31;0;0;"Horse-Before-The-Cart FinTech https:// seekingalpha.com/article/408611 4-horse-cart-fintech?source=feed_f … $ C $ CBOE $ GS $ ICE $ JPM $ NDAQ";;;;"883030576449503232";https://twitter.com/SeekingAlpha/status/883030576449503232
ExactOptionPick;2017-07-06 18:30;0;0;"ACTIVE TRADERS choose one of these FREE trading guides: http:// ow.ly/v8SS30dnyta $ NFLX $ TSLA $ AAPL $ AXP $ GS $ FB $ AMZN $ GOOGL $ NVDA";;;;"883030404659376129";https://twitter.com/ExactOptionPick/status/883030404659376129
yvsx;2017-07-06 18:25;0;0;"Perhaps after a $ GS lead secondary first of $ TSLA stock???";;;;"883029068500930560";https://twitter.com/yvsx/status/883029068500930560
OptionAlarm;2017-07-06 18:20;0;0;"If you’re not making money in this market & want consistency, try our team http:// ow.ly/bev530dnyUe $ FB $ NFLX $ AMZN $ GOOGL $ BABA $ AAPL $ GS";;;;"883027838428958721";https://twitter.com/OptionAlarm/status/883027838428958721
KymLang;2017-07-06 18:16;1;0;"$ GS nice fade off 100dma - real sloppy potential for downside SHARK noted a few days ago";;;;"883026778268155904";https://twitter.com/KymLang/status/883026778268155904
sonycomeback;2017-07-06 18:13;0;0;"$ SNE #SONY ready for #analysts #upgrades PT $150 #WallStreet #nikkei $ BNS $ JPM $ MS $ GS $ PIEJF $ WFC $ RBC $ C $ SAN $ RJF $ EVR $ LUK $ DB $ BBT $ CS pic.twitter.com/HWnitoKUpI";;;#SONY #analysts #upgrades #WallStreet #nikkei;"883026117417947136";https://twitter.com/sonycomeback/status/883026117417947136
EpleySamuel;2017-07-06 18:08;0;0;". @Ty_Etten curious to hear your thoughts on $ TSLA . Downside driven because Volvo ditching ICE & $ GS downgrade? http://www. cnbc.com/2017/07/05/gol dman-predicts-tesla-shares-will-get-cut-in-half-on-plateauing-model-s-sales.html …";;@Ty_Etten;;"883024990022627328";https://twitter.com/EpleySamuel/status/883024990022627328
TheLightTrader;2017-07-06 18:08;0;1;"Well I always have a hedge on. $ GS is mine on the bullish side. Overall market could fall hard here but certain sectors could hold.";;;;"883024954517835777";https://twitter.com/TheLightTrader/status/883024954517835777
JMVala_Trades;2017-07-06 18:08;0;0;"Closed $ BABA calls Reduced $ GS call exposure";;;;"883024894853869569";https://twitter.com/JMVala_Trades/status/883024894853869569
xpertstock;2017-07-06 18:04;0;0;"$ GS I will take GS on this 5/15 min pull back with stop at 224.50 http:// tinyurl.com/y8cblacl pic.twitter.com/Ztnwl1MCbm";;;;"883023827348967424";https://twitter.com/xpertstock/status/883023827348967424
ProVesting;2017-07-06 18:02;0;0;"$ GS : My Investment In Goldman Sachs And A Recommendation: http://www. StockNewsWires.com/gs-my-investme nt-in-goldman-sachs-and-a-recommendation/ …";;;;"883023262300610560";https://twitter.com/ProVesting/status/883023262300610560
everytimeicash;2017-07-06 18:01;0;0;"Perfect 100D rejection - $ GS chart http://www. tradingview.com/chart/GS/npxxH ozo-Perfect-100D-rejection/ …";;;;"883023019811102720";https://twitter.com/everytimeicash/status/883023019811102720
ExactOptionPick;2017-07-06 18:01;0;0;"Don't miss our next FREE OPTION TRADE. Sign up for our Daily Free Trades at http:// ow.ly/7ydL30dnyt9 $ NVDA $ TSLA $ GS $ GILD $ AMD $ GOOGL $ FB";;;;"883023012123090944";https://twitter.com/ExactOptionPick/status/883023012123090944
SeekingAlpha;2017-07-06 17:59;0;0;"My Investment In Goldman Sachs And A Recommendation https:// seekingalpha.com/article/408608 8-investment-goldman-sachs-recommendation?source=feed_f … $ GS";;;;"883022672581476353";https://twitter.com/SeekingAlpha/status/883022672581476353
32Trades;2017-07-06 17:58;0;0;"$ BAC $ GS $ JPM $ C looking like that De Niro/Kilmer HEAT scene";;;;"883022454817509382";https://twitter.com/32Trades/status/883022454817509382
newswelldone;2017-07-06 17:55;0;0;"$ GS $ AAPL $ TSLA $ AMZN $ WFM : Goldman: Opioid Crisis Hurting the Labor Market: http://www. StockNewsWires.com/gs-aapl-tsla-a mzn-wfm-goldman-opioid-crisis-hurting-the-labor-market/ …";;;;"883021499619196928";https://twitter.com/newswelldone/status/883021499619196928
ETFGodfather;2017-07-06 17:54;0;0;"Focusing On An Alternative To S&P 500 ETFs https:// benzinga.com/z/9742463 $ AAPL $ GS $ GSLC via @benzinga";;@benzinga;;"883021437165912064";https://twitter.com/ETFGodfather/status/883021437165912064
BullishCross;2017-07-06 17:53;0;2;"$ GS has a sell rating and $180 price-target on $ TSLA . They're expecting Tesla to fall 54% from its highs. $282 and $220 are fine entries.";;;;"883021092524236800";https://twitter.com/BullishCross/status/883021092524236800
optionalarmchat;2017-07-06 17:50;0;0;"REAL TIME TRADE ALERTS via PRIVATE $ TWTR FEED, perfect for people who have FT jobs and trade part-time! $ AMZN $ NFLX $ GOOGL $ CELG $ GS $ FB";;;;"883020272508522496";https://twitter.com/optionalarmchat/status/883020272508522496
QuantchaIdeas;2017-07-06 17:46;0;0;"StockTwits Trending Alert: Trading recent interest in GOLDMAN SACHS GROUP $ GS http:// ideas.quantcha.com/2017/07/06/sto cktwits-trending-alert-trading-recent-interest-in-goldman-sachs-group-gs/ … pic.twitter.com/95MAxODFaB";;;;"883019455240044545";https://twitter.com/QuantchaIdeas/status/883019455240044545
tdbryan1987;2017-07-06 17:46;0;0;"So you think mkt is ready to breakdown but $ GS going to $240? Sound about as confused as I am bc agree with both haha";;;;"883019301745299457";https://twitter.com/tdbryan1987/status/883019301745299457
realNick1st;2017-07-06 17:46;0;0;"Tesla shares $ TSLA enter bear market as $ GM reclaims top spot #WallStreet $ XLK $ XLE $ XLV $ XLF $ GS $ BX $ BLK $ PHK #NYC http:// reut.rs/2sIcGD4";;;#WallStreet #NYC;"883019243394129921";https://twitter.com/realNick1st/status/883019243394129921
johnscharts;2017-07-06 17:42;0;4;"$ GS option trade. Up 10% from yesterdays entry pic.twitter.com/YWapDk5ofV";;;;"883018208462196736";https://twitter.com/johnscharts/status/883018208462196736
TradeWithSuper;2017-07-06 17:39;0;0;"Benzinga: Major Companies In The Financial Sector Report Earnings In The Upcoming Weeks https:// benzinga.com/z/9746749 $ BAC $ C $ GS $ WFC $ JPM";;;;"883017517010227201";https://twitter.com/TradeWithSuper/status/883017517010227201
DayTradersGroup;2017-07-06 17:36;22;4;"$ GS call options now +107% at 2.70 from 1.30 (stock @229.83) $ BAC $ XLF $ C $ JPM $ MS $ KBE $ WFC #weeklies #stocks #options #tradealert #invest pic.twitter.com/y5RNQkeppu";;@229;#weeklies #stocks #options #tradealert #invest;"883016902603411456";https://twitter.com/DayTradersGroup/status/883016902603411456
Benzinga;2017-07-06 17:35;0;1;"Major Companies In The Financial Sector Report Earnings In The Upcoming Weeks https:// benzinga.com/z/9746749 $ BAC $ C $ GS $ WFC $ JPM";;;;"883016444086173696";https://twitter.com/Benzinga/status/883016444086173696
HulkCapital;2017-07-06 17:32;0;7;"These now up 22% with a shit load of time left. $ GS";;;;"883015805557977089";https://twitter.com/HulkCapital/status/883015805557977089
ExactOptionPick;2017-07-06 17:30;0;0;"ACTIVE TRADERS choose one of these FREE trading guides: http:// ow.ly/NyVc30dnyt8 $ NFLX $ TSLA $ AAPL $ CMG $ GS $ FB $ AMZN $ GOOGL $ NVDA";;;;"883015330033008650";https://twitter.com/ExactOptionPick/status/883015330033008650
PatrickWalker56;2017-07-06 17:30;0;3;"MAXLIST. Overall sloppy. $ GS lifts a bit. pic.twitter.com/A9pG3hMhTm";;;;"883015300186288128";https://twitter.com/PatrickWalker56/status/883015300186288128
Terri1618;2017-07-06 17:30;0;2;"Nice 3mo wkly base, breaking out today. Has plenty of room to run if it wants. Bank eps start next wk. $ GS eps 7/18 https:// twitter.com/hulkcapital/st atus/882996818963034112 …";;;;"883015297736757249";https://twitter.com/Terri1618/status/883015297736757249
bostonchaahhts;2017-07-06 17:30;1;11;"here's your $ GS base. really like the look of this... pic.twitter.com/nuXL9Mu0DJ";;;;"883015209241149444";https://twitter.com/bostonchaahhts/status/883015209241149444
Stockatron;2017-07-06 17:23;0;0;"ride the banks $ jpm $ gs $ xlf";;;;"883013651589767172";https://twitter.com/Stockatron/status/883013651589767172
iECONOMICS;2017-07-06 17:22;0;0;"Goldman Sachs $ GS market alert: 13-week high @229.81 https:// ieconomics.com/goldman-sachs";;@229;;"883013286484226048";https://twitter.com/iECONOMICS/status/883013286484226048
BullFan2016;2017-07-06 17:22;0;0;"RT sanglucci "RT WallStJesus: HOD .. FINS GOOD LOOKIN .. $ JPM $ C $ GS $ BAC https:// twitter.com/WallStJesus/st atus/882988648630816768 … "";;;;"883013280498896897";https://twitter.com/BullFan2016/status/883013280498896897
TradeLikeElvis;2017-07-06 17:21;0;0;"10k to 100k challenge going well. nearly 1/3 of the way there. $ AAPL $ FB $ NVDA $ TSLA $ GS $ BAC $ AMD $ AMZN $ GOOG $ NFLX pic.twitter.com/bzL8p5BKSU";;;;"883013126979018752";https://twitter.com/TradeLikeElvis/status/883013126979018752
OptionAlarm;2017-07-06 17:20;0;0;"If you’re not making money in this market & want consistency, try our team http:// ow.ly/vbuO30dnyUd $ FB $ NFLX $ AMZN $ GOOGL $ TSLA $ WMT $ GS";;;;"883012731116322818";https://twitter.com/OptionAlarm/status/883012731116322818
sasha482008;2017-07-06 17:17;0;0;"$ gs ..bam";;;;"883012011956764676";https://twitter.com/sasha482008/status/883012011956764676
WallStJesus;2017-07-06 17:16;2;10;"HOD .. FINS GOOD LOOKIN .. $ JPM $ C $ GS $ BAC https:// twitter.com/WallStJesus/st atus/882988648630816768 …";;;;"883011909603254272";https://twitter.com/WallStJesus/status/883011909603254272
SWIMKILLS;2017-07-06 17:16;0;0;"$ GS $ BAC $ WFC $ JPM financials still trying to break through resistance";;;;"883011793727229952";https://twitter.com/SWIMKILLS/status/883011793727229952
TPCMG;2017-07-06 17:14;0;0;"$ GS : 6 open, suited signals indicate continued price increase for about 7 more days. http:// thinkingprofit.com/equity/?s=GS";;;;"883011335084277762";https://twitter.com/TPCMG/status/883011335084277762
nargis007;2017-07-06 17:13;0;0;"$ GS looking strong and started moving now.";;;;"883010928706338816";https://twitter.com/nargis007/status/883010928706338816
TradeLikeElvis;2017-07-06 17:12;0;0;"$ GS 235+ bound by earnings. Rolling over my July 232.5 calls into July 21 235s.";;;;"883010834720591872";https://twitter.com/TradeLikeElvis/status/883010834720591872
BenzingaMedia;2017-07-06 17:12;0;0;"$ BAC , $ C , $ GS Major Companies In The Financial Sector Report Earnings In The Upcoming Weeks - http:// tinyurl.com/yd9gyo9n";;;;"883010684354691073";https://twitter.com/BenzingaMedia/status/883010684354691073
everytimeicash;2017-07-06 17:10;0;1;"Nothin bearish about it - $ GS chart http://www. tradingview.com/chart/GS/PuT8n umy-Nothin-bearish-about-it/ …";;;;"883010358729777152";https://twitter.com/everytimeicash/status/883010358729777152
TradeLikeElvis;2017-07-06 17:10;0;0;"$ GS as i mentioned...this will keep bouncing higher. The data on fund performance is very positive";;;;"883010251716534272";https://twitter.com/TradeLikeElvis/status/883010251716534272
bostonchaahhts;2017-07-06 17:09;0;1;"$ GS is getting ready to come out of this base. long here";;;;"883010148981133312";https://twitter.com/bostonchaahhts/status/883010148981133312
DerKomizar2;2017-07-06 17:09;0;0;"$ GS Boom .....$SPY $ TSLA $ FB https:// twitter.com/speedycalls/st atus/883009547111202819 …";;;;"883010119629275136";https://twitter.com/DerKomizar2/status/883010119629275136
SpeedyCalls;2017-07-06 17:07;2;3;"$ GS 230 Calls BUYING Activity expiring on 7th Jul, Vol 1070";;;;"883009547111202819";https://twitter.com/SpeedyCalls/status/883009547111202819
everytimeicash;2017-07-06 17:06;0;2;"Ummm yeahhhh - $ GS chart http://www. tradingview.com/chart/GS/z1711 XDz-Ummm-yeahhhh/ …";;;;"883009163957125121";https://twitter.com/everytimeicash/status/883009163957125121
Stocks_Live;2017-07-06 17:05;0;0;"Warren Buffett via @Stocks_Live #stocks #stockmarket $ KHC $ WFC $ AAPL $ KO $ AXP $ IBM $ PSX $ USB $ CHTR $ MCO $ DVA $ LUV $ GS $ DAL $ AAL $ UAL $ GM pic.twitter.com/IDNvGKyzna";;@Stocks_Live;#stocks #stockmarket;"883009137583341569";https://twitter.com/Stocks_Live/status/883009137583341569
iECONOMICS;2017-07-06 17:05;0;0;"Goldman Sachs $ GS market alert: 10-week high @229.14 https:// ieconomics.com/goldman-sachs";;@229;;"883009047422803968";https://twitter.com/iECONOMICS/status/883009047422803968
RodBoydILM;2017-07-06 17:05;0;3;"Going from $ C , $ BAC collapsing, $ GS & $ MS teetering, to: "It's all good." These are dangerous institutions that require close supervision";;;;"883008926257696768";https://twitter.com/RodBoydILM/status/883008926257696768
Trading_Analyst;2017-07-06 17:04;0;0;"$ GS great move so far. Could have some legs here if sustains over 229.08";;;;"883008809568018432";https://twitter.com/Trading_Analyst/status/883008809568018432
TheLightTrader;2017-07-06 17:03;0;1;"$ GS strong. Think it heads to 240 soon.";;;;"883008418067480576";https://twitter.com/TheLightTrader/status/883008418067480576
ExactOptionPick;2017-07-06 17:01;0;0;"Don't miss our next FREE OPTION TRADE. Sign up for our Daily Free Trades at http:// ow.ly/pF1b30dnyt7 $ NVDA $ TSLA $ GS $ AAPL $ BAC $ GOOGL $ FB";;;;"883007963262320640";https://twitter.com/ExactOptionPick/status/883007963262320640
JMVala_Trades;2017-07-06 16:56;0;3;"Added to $ GS 232.5 and 235 calls for next week.";;;;"883006698608353280";https://twitter.com/JMVala_Trades/status/883006698608353280
TradeLikeElvis;2017-07-06 16:54;0;0;"$ GS should have turned it around this quarter on trading revenues and profits";;;;"883006260727205889";https://twitter.com/TradeLikeElvis/status/883006260727205889
KinseyGrant;2017-07-06 16:50;0;0;"Goldman: Opioid Crisis Hurting the Labor Market $ GS #opioidcrisis https://www. thestreet.com/story/14213641 /1/goldman-opioid-crisis-hurting-the-labor-market.html … via @TheStreet";;@TheStreet;#opioidcrisis;"883005296871972864";https://twitter.com/KinseyGrant/status/883005296871972864
optionalarmchat;2017-07-06 16:50;0;0;"REAL TIME TRADE ALERTS via PRIVATE $ TWTR FEED, perfect for people who have FT jobs and trade part-time! $ CMG $ NFLX $ GOOGL $ BABA $ GS $ FB";;;;"883005192257642496";https://twitter.com/optionalarmchat/status/883005192257642496
NelsonThought;2017-07-06 16:47;0;1;"Cities Step Up the Perks to Lure #London 's Bankers $ JPM $ GS $ MS $ C http:// on.wsj.com/2ttmrSM";;;#London;"883004479691526147";https://twitter.com/NelsonThought/status/883004479691526147
Marino215;2017-07-06 16:41;0;0;"@davoid49 $ GS the biggest crooks on wall st.";;@davoid49;;"883002952801288194";https://twitter.com/Marino215/status/883002952801288194
Crockito;2017-07-06 16:32;0;0;"$ GS on retail..... Interesting take. #retail #ruralcommerce #shoplocal http://www. goldmansachs.com/our-thinking/p odcasts/episodes/06-16-2017-elsesser-posnett.html …";;;#retail #ruralcommerce #shoplocal;"883000659187990531";https://twitter.com/Crockito/status/883000659187990531
StocksEarning;2017-07-06 16:30;0;0;"$ GS releasing Earnings on 7/18 Before Open (Confirmed). Anybody buying/selling in Earnings? http:// ow.ly/YbpI30doxDf";;;;"883000265489747968";https://twitter.com/StocksEarning/status/883000265489747968
ExactOptionPick;2017-07-06 16:30;0;0;"ACTIVE TRADERS choose one of these FREE trading guides: http:// ow.ly/lyAN30dnyt5 $ NFLX $ TSLA $ AAPL $ COST $ GS $ FB $ AMZN $ GOOGL $ NVDA";;;;"883000227938086913";https://twitter.com/ExactOptionPick/status/883000227938086913
BareBullTrading;2017-07-06 16:29;1;0;"$ GS is probably the biggest buyer of $ TSLA ha ha ha it might go to 180 bit not until it stops out some shorts first!";;;;"883000051760496644";https://twitter.com/BareBullTrading/status/883000051760496644
bfsi_financial;2017-07-06 16:28;0;0;"#GluskinSheff reaches retirement deal with co-founders. Read more: http:// owler.us/acZbwJ $ GS";;;#GluskinSheff;"882999821367353344";https://twitter.com/bfsi_financial/status/882999821367353344
TraderGuruNY;2017-07-06 16:28;0;0;"Financial Sector Video - $ XLF $ JPM $ MS $ BAC $ GS $ C $ JPM $ WFC https:// stockmarketvideo.com/financial-xlf- video/ … #stockmarket #stocks #trading #Financial";;;#stockmarket #stocks #trading #Financial;"882999648566345729";https://twitter.com/TraderGuruNY/status/882999648566345729
TraderGuruNY;2017-07-06 16:27;0;0;"Dow Jones Analysis Video - $ DJIA $ DIA $ SDOW $ XOM $ GE $ GS $ MRK $ PFE $ BMY $ VZ https:// stockmarketvideo.com/dow-jones-vide o/ … #stockmarket #stocks #trading #DowJones";;;#stockmarket #stocks #trading #DowJones;"882999453489213441";https://twitter.com/TraderGuruNY/status/882999453489213441
stockmarketvide;2017-07-06 16:25;0;0;"Financial Sector Video - $ XLF $ JPM $ MS $ BAC $ GS $ C $ JPM $ WFC https:// stockmarketvideo.com/financial-xlf- video/ … #stockmarket #stocks #trading #Financial";;;#stockmarket #stocks #trading #Financial;"882998861291290629";https://twitter.com/stockmarketvide/status/882998861291290629
stockmarketvide;2017-07-06 16:24;0;0;"Dow Jones Analysis Video - $ DJIA $ DIA $ SDOW $ XOM $ GE $ GS $ MRK $ PFE $ BMY $ VZ https:// stockmarketvideo.com/dow-jones-vide o/ … #stockmarket #stocks #trading #DowJones";;;#stockmarket #stocks #trading #DowJones;"882998685155635201";https://twitter.com/stockmarketvide/status/882998685155635201
bfsi_financial;2017-07-06 16:20;0;0;"#GoldmanSachs Goldman Plans to Turn Simon into a Neutral Platform . Read more: http:// owler.us/acZbiq $ GS";;;#GoldmanSachs;"882997789931708416";https://twitter.com/bfsi_financial/status/882997789931708416
OptionAlarm;2017-07-06 16:20;1;0;"If you’re not making money in this market & want consistency, try our team http:// ow.ly/qBzn30dnyUc $ MS $ NFLX $ AMZN $ GOOGL $ TSLA $ AAPL $ GS";;;;"882997637057785857";https://twitter.com/OptionAlarm/status/882997637057785857
FinInsiders;2017-07-06 16:17;0;0;"Amazon as Potential Platform for Nike to Sell It’s Products #GoldmanSachs $ NYSE $ GS #Nike $ NKE #Amazon $ NASDAQ ... http:// fb.me/FfQWwpF4";;;#GoldmanSachs #Nike #Amazon;"882996837527015425";https://twitter.com/FinInsiders/status/882996837527015425
HulkCapital;2017-07-06 16:17;1;14;"Earnings Swing Play: $ GS Aug 18th $250 calls for a buck. pic.twitter.com/wHllQxJniO";;;;"882996818963034112";https://twitter.com/HulkCapital/status/882996818963034112
MadDogCapital;2017-07-06 16:10;0;0;"$ GS this close to its 200dma is just silly";;;;"882995151924326409";https://twitter.com/MadDogCapital/status/882995151924326409
iamtito_;2017-07-06 16:10;0;0;"$ GS - Prospectus Filed Pursuant to Rule 424(b)(2) (424b2) http:// ih.advfn.com/p.php?pid=nmon a&article=75187359&adw=1126416 …";;;;"882995069984403458";https://twitter.com/iamtito_/status/882995069984403458
iamtito_;2017-07-06 16:10;0;0;"$ GS - Prospectus Filed Pursuant to Rule 424(b)(2) (424b2) http:// ih.advfn.com/p.php?pid=nmon a&article=75187363&adw=1126416 …";;;;"882995064967966720";https://twitter.com/iamtito_/status/882995064967966720
whotrades;2017-07-06 16:06;0;0;"Goldman (GS) Plans to Turn Simon into a Neutral Platform http:// bit.ly/060717GS1 $ GS";;;;"882994070032973825";https://twitter.com/whotrades/status/882994070032973825
respect_tos;2017-07-06 16:03;0;0;"$ gs 225 jul14 call bot at 3.8 this am sp was 226";;;;"882993374055288833";https://twitter.com/respect_tos/status/882993374055288833
ExactOptionPick;2017-07-06 16:01;0;0;"Don't miss our next FREE OPTION TRADE. Sign up for our Daily Free Trades at http:// ow.ly/SYa630dnyt4 $ NVDA $ TSLA $ GS $ GILD $ IBB $ GOOGL $ FB";;;;"882992911293575169";https://twitter.com/ExactOptionPick/status/882992911293575169
EyesWideOpen_61;2017-07-06 15:51;0;0;"What $ tsla bulls need to understand is $ gs says stock is worth $180 IF MUSK EXECUTES which is unlikely considering his track record";;;;"882990488600670208";https://twitter.com/EyesWideOpen_61/status/882990488600670208
DozenStocks;2017-07-06 15:51;0;0;"Dow #Stocks Trend $ MSFT $ CAT $ INTC $ MRK $ DD $ BA $ CSCO $ AAPL $ IBM $ MCD $ JPM $ DIS $ UNH $ V $ HD $ TRV $ MMM $ AXP $ GS @http:// 12Stocks.com/dow";;@http;#Stocks;"882990328541622273";https://twitter.com/DozenStocks/status/882990328541622273
optionalarmchat;2017-07-06 15:50;0;0;"REAL TIME TRADE ALERTS via PRIVATE $ TWTR FEED, perfect for people who have FT jobs and trade part-time! $ AMZN $ SPY $ GOOGL $ BABA $ GS $ FB";;;;"882990098165506048";https://twitter.com/optionalarmchat/status/882990098165506048
ro_pavlick;2017-07-06 15:49;0;0;"$ gs ready for another push higher px tgt 136";;;;"882989869634658306";https://twitter.com/ro_pavlick/status/882989869634658306
optionalarmchat;2017-07-06 15:45;0;0;"NOW OFFERING 7 Day FREE Trial to options day trading team Room or $ TWTR feed http:// ow.ly/UtRk30dnyCm $ FB $ AAPL $ NFLX $ TSLA $ GS $ GOOGL";;;;"882988848124489732";https://twitter.com/optionalarmchat/status/882988848124489732
Southern_Esq;2017-07-06 15:43;0;0;"$ TSLA When $ GS tells you to sell, you buy";;;;"882988441864220673";https://twitter.com/Southern_Esq/status/882988441864220673
ExactOptionPick;2017-07-06 15:30;0;0;"ACTIVE TRADERS choose one of these FREE trading guides: http:// ow.ly/nkd530dnyt3 $ NFLX $ TSLA $ AAPL $ WMT $ GS $ FB $ AMZN $ GOOGL $ NVDA";;;;"882985144197500934";https://twitter.com/ExactOptionPick/status/882985144197500934
TweetLeni;2017-07-06 15:29;0;0;"$ GS 2.71% lagging peers just a bit but hanging in there. A little patience.";;;;"882984968347103232";https://twitter.com/TweetLeni/status/882984968347103232
pkchin888;2017-07-06 15:28;0;0;"Goldman Sachs thinks the opioid crisis is so bad it's affecting the economy http:// cnb.cx/2tVqk5X Credit Evelyn Cheng @chengevelyn ty $ GS";;@chengevelyn;;"882984683079958528";https://twitter.com/pkchin888/status/882984683079958528
thebrandindex;2017-07-06 15:27;1;0;"$ GS looks particularly strong to me https:// twitter.com/canuck2usa/sta tus/882982517933973504 …";;;;"882984414396821504";https://twitter.com/thebrandindex/status/882984414396821504
newswelldone;2017-07-06 15:21;0;0;"$ JPM $ TD $ GS : JPMorgan tops Canadian M&A activity in energy-driven first half: http://www. StockNewsWires.com/jpm-td-gs-jpmo rgan-tops-canadian-ma-activity-in-energy-driven-first-half/ …";;;;"882982746179518464";https://twitter.com/newswelldone/status/882982746179518464
OptionAlarm;2017-07-06 15:20;0;0;"If you’re not making money in this market & want consistency, try our team http:// ow.ly/s4OG30dnyUa $ FB $ COST $ AMZN $ GOOGL $ TSLA $ AAPL $ GS";;;;"882982541829033985";https://twitter.com/OptionAlarm/status/882982541829033985
iamtito_;2017-07-06 15:19;0;0;"$ GS - Prospectus Filed Pursuant to Rule 424(b)(2) (424b2) http:// ih.advfn.com/p.php?pid=nmon a&article=75186850&adw=1126416 …";;;;"882982239918845952";https://twitter.com/iamtito_/status/882982239918845952
FusionptCapital;2017-07-06 15:15;1;8;"$ C $ GS $ TLT Funny thing about markets.... #citi #banks pic.twitter.com/nbjgJ6AD74";;;#citi #banks;"882981458704556032";https://twitter.com/FusionptCapital/status/882981458704556032
iamtito_;2017-07-06 15:13;0;0;"$ GS - Prospectus Filed Pursuant to Rule 424(b)(2) (424b2) http:// ih.advfn.com/p.php?pid=nmon a&article=75186792&adw=1126416 …";;;;"882980716946100226";https://twitter.com/iamtito_/status/882980716946100226
Finanomics1;2017-07-06 15:07;0;0;"$ GS note on $ TSLA did lots of damage to the stock! But..but gave a good entry point for the buyers.";;;;"882979407211769856";https://twitter.com/Finanomics1/status/882979407211769856
rickjnewman;2017-07-06 15:06;0;4;"Wow. One of the most damning things you could say about America. From a $ GS note noticed by @nicoleusinclair pic.twitter.com/ocTfmsbtrp";;@nicoleusinclair;;"882978977480155137";https://twitter.com/rickjnewman/status/882978977480155137
SweetPlatform;2017-07-06 15:05;0;0;"GS Top news - Jul 6th, 2017 $ GS http:// https:// goo.gl/xZLDFW";;;;"882978721069707264";https://twitter.com/SweetPlatform/status/882978721069707264
ExactOptionPick;2017-07-06 15:01;0;0;"Don't miss our next FREE OPTION TRADE. Sign up for our Daily Free Trades at http:// ow.ly/SqJv30dnyt0 $ NVDA $ TSLA $ GS $ GILD $ WFM $ GOOGL $ FB";;;;"882977696313204737";https://twitter.com/ExactOptionPick/status/882977696313204737
mytradingbuddy;2017-07-06 15:00;0;0;"#ValueInvesting Seems to be Losing, but Not Forever! Learn More in Article including $ GS & $ BRK.A by @TradeZer0 >> http:// ow.ly/M9r830dn7yT pic.twitter.com/9qsPQXK2gc";;@TradeZer0;#ValueInvesting;"882977658019172355";https://twitter.com/mytradingbuddy/status/882977658019172355
iamtito_;2017-07-06 14:58;0;0;"$ GS - Prospectus Filed Pursuant to Rule 424(b)(2) (424b2) http:// ih.advfn.com/p.php?pid=nmon a&article=75186637&adw=1126416 …";;;;"882976939325128704";https://twitter.com/iamtito_/status/882976939325128704
optionalarmchat;2017-07-06 14:50;0;0;"REAL TIME TRADE ALERTS via PRIVATE $ TWTR FEED, perfect for people who have FT jobs and trade part-time! $ AMZN $ NFLX $ TSLA $ BABA $ GS $ FB";;;;"882974968635633664";https://twitter.com/optionalarmchat/status/882974968635633664
Ryandaniel78;2017-07-06 14:48;0;0;"New open today. $ GS Sep 250 calls 2.07 Lets see if this bank rotation narrative holds water pic.twitter.com/qMsB1CkrCw";;;;"882974585871839232";https://twitter.com/Ryandaniel78/status/882974585871839232
FT77;2017-07-06 14:34;0;0;"$ GS quick scalp trade in strong XLF pic.twitter.com/lBh9N5MQ1y";;;;"882970960705486852";https://twitter.com/FT77/status/882970960705486852
ExactOptionPick;2017-07-06 14:30;0;0;"ACTIVE TRADERS choose one of these FREE trading guides: http:// ow.ly/8CZv30dnysZ $ NFLX $ TSLA $ AAPL $ WFM $ GS $ FB $ AMZN $ GOOGL $ NVDA";;;;"882970031864328196";https://twitter.com/ExactOptionPick/status/882970031864328196
Trading_Analyst;2017-07-06 14:26;0;1;"$ GS likely reverses and heads higher from here on the day. Current price 227.25";;;;"882969004767408135";https://twitter.com/Trading_Analyst/status/882969004767408135
FusionptCapital;2017-07-06 14:24;2;4;"$ DB $ GS $ SPY Crickets as Deutsche Bank continues to carve out one of most bullish LT reversal patterns.... #banks #rates #capitulation pic.twitter.com/KCqu4t5Dx2";;;#banks #rates #capitulation;"882968594094731266";https://twitter.com/FusionptCapital/status/882968594094731266
Quagmires;2017-07-06 14:24;0;0;"$ TSLA beauty...cheers $ GS";;;;"882968564847624192";https://twitter.com/Quagmires/status/882968564847624192
OptionAlarm;2017-07-06 14:20;1;0;"If you’re not making money in this market & want consistency, try our team http:// ow.ly/bKwM30dnyU6 $ FB $ NFLX $ AMZN $ AMD $ TSLA $ AAPL $ GS";;;;"882967444188430336";https://twitter.com/OptionAlarm/status/882967444188430336
ProVesting;2017-07-06 14:13;0;0;"$ GS : How Much Do You Know About Ethical Investing?: http://www. StockNewsWires.com/gs-how-much-do -you-know-about-ethical-investing/ …";;;;"882965622304329729";https://twitter.com/ProVesting/status/882965622304329729
whotrades;2017-07-06 14:12;0;0;"It's Time for Wall Street to Give Up Its Love Affair With the Dow Jones Industrial Average http:// bit.ly/060717GS $ GS";;;;"882965399066882049";https://twitter.com/whotrades/status/882965399066882049
asymmetricalpha;2017-07-06 14:07;0;0;"$ GS Rolling my calls further out https:// twitter.com/asymmetricalph a/status/882638898505142273 …";;;;"882964133984993280";https://twitter.com/asymmetricalpha/status/882964133984993280
DerKomizar2;2017-07-06 14:06;0;0;"$ XLF $ BAC $ GS $ JPM $ C https:// twitter.com/speedycalls/st atus/882959729961689088 …";;;;"882963888312012800";https://twitter.com/DerKomizar2/status/882963888312012800
Marino215;2017-07-06 14:06;0;0;"@bigpoppastu usually low vol days with a great stock it rises. But in this current climate I think $ GS $ MS are lookin to start a correction";;@bigpoppastu;;"882963846876594178";https://twitter.com/Marino215/status/882963846876594178
ExactOptionPick;2017-07-06 14:01;0;0;"Don't miss our next FREE OPTION TRADE. Sign up for our Daily Free Trades at http:// ow.ly/bsqN30dnysX $ NVDA $ TSLA $ GS $ NFLX $ BAC $ GOOGL $ FB";;;;"882962663655038977";https://twitter.com/ExactOptionPick/status/882962663655038977
PatrickWalker56;2017-07-06 13:58;0;5;"MAXLIST. Not great action. $ GS , $ BABA hang in the best. pic.twitter.com/veCdXISe8Y";;;;"882961919182766080";https://twitter.com/PatrickWalker56/status/882961919182766080
NaomiFrances1;2017-07-06 13:57;0;0;"http:// media-cache-ec0.pinimg.com/736x/5b/e0/e8/ 5be0e8fdddfb2d684be8af3e4187c957.jpg … mite wanna treat that report like a PRO! $ hlf $ gs $ bac https:// twitter.com/SPNewsAnalysis /status/882930690559528961 …";;;;"882961668413763586";https://twitter.com/NaomiFrances1/status/882961668413763586
TradeWithSuper;2017-07-06 13:55;0;0;"Benzinga: Focusing On An Alternative To S&P 500 ETFs https:// benzinga.com/z/9742463 $ GS $ GSLC $ AAPL $ JNJ";;;;"882961196441272320";https://twitter.com/TradeWithSuper/status/882961196441272320
krollbondrating;2017-07-06 13:54;0;0;"#KBRA Affirms All Classes of GSMS 2013-GC13 http:// bit.ly/2tQ3FqV | #CMBS $ GS $ MS";;;#KBRA #CMBS;"882960887656697857";https://twitter.com/krollbondrating/status/882960887656697857
Benzinga;2017-07-06 13:52;1;0;"Focusing On An Alternative To S&P 500 ETFs https:// benzinga.com/z/9742463 $ GS $ GSLC $ AAPL $ JNJ";;;;"882960324604776448";https://twitter.com/Benzinga/status/882960324604776448
naashonomics;2017-07-06 13:51;1;1;"$ GS downgrades $ TSLA like $ AMD but increases stake and buys puts typical operations https:// fintel.io/so/us/tsla pic.twitter.com/HA23Z2fqiQ";;;;"882960111404171264";https://twitter.com/naashonomics/status/882960111404171264
NaomiFrances1;2017-07-06 13:49;0;0;"while icahn's loading $ hlf up to 50% ? demographics - doggin up for $ hlf $ vrx $ cmg $ gs $ bac https:// twitter.com/BossHoggHazzar d/status/882959299953217542 …";;;;"882959689876680704";https://twitter.com/NaomiFrances1/status/882959689876680704
KoolerAid;2017-07-06 13:48;0;0;"@elonmusk You gonna let $ GS getaway with this? :) $ TSLA #SqueezeThatShit";;@elonmusk;#SqueezeThatShit;"882959384254582787";https://twitter.com/KoolerAid/status/882959384254582787
RVH_Investing;2017-07-06 13:39;0;1;"$ MSCC is one the most undervalued stock on the market. $ GS upgrade today and still no movement. Adding more shares until the market wakes up";;;;"882957077181853697";https://twitter.com/RVH_Investing/status/882957077181853697
KoolerAid;2017-07-06 13:38;0;1;"On behalf of $ GS corporation thank you very much for your cheap $ TSLA shares";;;;"882956906029080577";https://twitter.com/KoolerAid/status/882956906029080577
dakotafinancial;2017-07-06 13:37;0;0;"Tiedemann Wealth Management LLC Increases Position in Goldman Sachs Group, Inc. $ The $ GS http:// ift.tt/2uNOxHR";;;;"882956712067682304";https://twitter.com/dakotafinancial/status/882956712067682304
BooValu23;2017-07-06 13:36;0;0;"So, maybe when equity analysts from $ GS say Buy $ TSLA , you should be a contrarian and sell, perhaps?";;;;"882956487005356033";https://twitter.com/BooValu23/status/882956487005356033
SeekingAlpha;2017-07-06 13:36;0;0;"Morgan Stanley: Attractive Profile But Better Value Exists Elsewhere https:// seekingalpha.com/article/408602 2-morgan-stanley-attractive-profile-better-value-exists-elsewhere?source=feed_f … $ C $ DB $ GS $ JPM $ UBS $ MS";;;;"882956368189112328";https://twitter.com/SeekingAlpha/status/882956368189112328
TheMarketsDaily;2017-07-06 13:35;0;0;"South State Corp Reduces Position in Goldman Sachs Group, Inc. $ The $ GS http:// zpr.io/Pd5Nz";;;;"882956171061190658";https://twitter.com/TheMarketsDaily/status/882956171061190658
AlperFrx;2017-07-06 13:34;0;0;"Goldman Sachs reinstates JPMorgan Chase (NYSE: $ JPM ) from Neutral to Neutral. $ GS";;;;"882956038563135489";https://twitter.com/AlperFrx/status/882956038563135489
DerKomizar2;2017-07-06 13:33;0;0;"...nice, long $ GS $ BAC";;;;"882955549045694464";https://twitter.com/DerKomizar2/status/882955549045694464
StockHorizon;2017-07-06 13:31;0;0;"Sonar top 10 NYSE @open: $ AZO $ CRC $ DBD $ GS $ JMP $ P $ PAA $ SLB $ TWTR $ WTI See them ranked http:// sonar.stockhorizon.com/?open=1";;@open;;"882955241683070976";https://twitter.com/StockHorizon/status/882955241683070976
ReportStreamIO;2017-07-06 13:31;0;0;"http:// goo.gl/b7XF2D Goldman Sachs: LISTEN: Music is back in black. $ GS ' Lisa Yang, @Sonos ’ Patrick Spence a... http:// ow.ly/XcCN50cDaUw";;@Sonos;;"882955116067905537";https://twitter.com/ReportStreamIO/status/882955116067905537
ExactOptionPick;2017-07-06 13:30;0;0;"ACTIVE TRADERS choose one of these FREE trading guides: http:// ow.ly/Zu0H30dnysW $ NFLX $ TSLA $ AAPL $ BABA $ AMD $ GS $ FB $ AMZN $ GOOGL $ NVDA";;;;"882954913910837249";https://twitter.com/ExactOptionPick/status/882954913910837249
Int_Invest;2017-07-06 13:26;0;0;"focus on $ TSLA $ NVDA $ QQQ $ EXEL $ SBUX $ SNAP $ SPY $ GS";;;;"882954007563685890";https://twitter.com/Int_Invest/status/882954007563685890
NewsToDesk;2017-07-06 13:25;0;0;"$ GS $ AAPL $ JNJ : Focusing On An Alternative To S&P 500 ETFs: http://www. StockNewsWires.com/gs-aapl-jnj-fo cusing-on-an-alternative-to-sp-500-etfs/ …";;;;"882953545959395328";https://twitter.com/NewsToDesk/status/882953545959395328
SP_Trades;2017-07-06 13:21;0;0;"What stocks are likely to go up over the next 4 years - here's some ideas: $ GS $ ACM $ CAT #stocks #trading http:// bit.ly/2lSeq89";;;#stocks #trading;"882952522897534976";https://twitter.com/SP_Trades/status/882952522897534976
OptionAlarm;2017-07-06 13:20;0;0;"If you’re not making money in this market & want consistency, try our team http:// ow.ly/A3Is30dnyTW $ FB $ NFLX $ AMZN $ GOOGL $ NKE $ AAPL $ GS";;;;"882952329171013632";https://twitter.com/OptionAlarm/status/882952329171013632
thestoxlab;2017-07-06 13:09;0;0;"RT GoldmanSachs "LISTEN: Music is back in black. $ GS ' Lisa Yang, Sonos’ Patrick Spence and WME’s Marc Geiger discu… https:// twitter.com/i/web/status/8 82947320161206273 … "";;;;"882949696758702080";https://twitter.com/thestoxlab/status/882949696758702080
ConciergeWM;2017-07-06 13:06;0;0;"RT GoldmanSachs "LISTEN: Music is back in black. $ GS ' Lisa Yang, Sonos’ Patrick Spence and WME’s Marc Geiger discu… https:// twitter.com/i/web/status/8 82947320161206273 … "";;;;"882948876734537732";https://twitter.com/ConciergeWM/status/882948876734537732
emq_news;2017-07-06 13:05;0;0;"Goldman Sachs Group, Inc. $ The $ GS Stock Rating Reaffirmed by Keefe, Bruyette & Woods http:// ift.tt/2tMbSga";;;;"882948652553175042";https://twitter.com/emq_news/status/882948652553175042
MichaelBransonT;2017-07-06 13:04;0;0;"Fracasan los stress tests en España e Italia - profundicemos más: Fed posts banks' 'living wills' https:// seekingalpha.com/news/3277149-f ed-posts-banks-living-wills?source=tweet … $ PRU $ BAC $ JPM $ GS";;;;"882948260993912834";https://twitter.com/MichaelBransonT/status/882948260993912834
ExactOptionPick;2017-07-06 13:01;0;0;"Don't miss our next FREE OPTION TRADE. Sign up for our Daily Free Trades at http:// ow.ly/xtbk30dnysU $ NVDA $ TSLA $ GS $ GILD $ BABA $ GOOGL $ FB";;;;"882947561912487936";https://twitter.com/ExactOptionPick/status/882947561912487936
GoldmanSachs;2017-07-06 13:00;4;11;"LISTEN: Music is back in black. $ GS ' Lisa Yang, @Sonos ’ Patrick Spence and @WME ’s Marc Geiger discuss: http:// click.gs.com/j3b2 pic.twitter.com/FWiYDjntDs";;@Sonos @WME;;"882947320161206273";https://twitter.com/GoldmanSachs/status/882947320161206273
optionalarmchat;2017-07-06 12:50;0;0;"REAL TIME TRADE ALERTS via PRIVATE $ TWTR FEED, perfect for people who have FT jobs and trade part-time! $ AMZN $ NFLX $ GOOGL $ JPM $ GS $ FB";;;;"882944773727936513";https://twitter.com/optionalarmchat/status/882944773727936513
JoseLNimmons;2017-07-06 12:48;0;0;"$ TSLA Anyone who thinks it's a good idea to listen to this $ GS analyst. Think again: https://www. tipranks.com/analysts/david -tamberrino … #stocks #investing #tradeideas";;;#stocks #investing #tradeideas;"882944356088500224";https://twitter.com/JoseLNimmons/status/882944356088500224
GreenStocks2016;2017-07-06 12:41;11;16;"$ EEM 10 YEAR CHART #CORRECTION $ spy $ tlt $ gs $ gld $ btc $ goog $ aapl $ fb $ dia $ nflx $ tsla $ msft $ bac $ amzn $ v $ jpm $ ma $ ms $ c $ wfc $ nke $ slv pic.twitter.com/s9S2Vnb1yP";;;#CORRECTION;"882942571860959232";https://twitter.com/GreenStocks2016/status/882942571860959232
SPNewsAnalysis;2017-07-06 12:34;0;0;"Wealthsource Partners LLC Takes Position in Goldman Sachs Group, Inc. $ The $ GS http:// ift.tt/2tt8S5D";;;;"882940846370422784";https://twitter.com/SPNewsAnalysis/status/882940846370422784
storminvestor;2017-07-06 12:32;0;0;"Wealthsource Partners LLC Takes Position in Goldman Sachs Group, Inc. $ The $ GS http:// ift.tt/2tkmaDa";;;;"882940301077303298";https://twitter.com/storminvestor/status/882940301077303298
ExactOptionPick;2017-07-06 12:30;0;0;"ACTIVE TRADERS choose one of these FREE trading guides: http:// ow.ly/9jox30dnysS $ NFLX $ TSLA $ AAPL $ JPM $ GS $ FB $ AMZN $ GOOGL $ NVDA";;;;"882939812004732930";https://twitter.com/ExactOptionPick/status/882939812004732930
pipsnticks;2017-07-06 12:22;0;0;"Financials & #FAAMG pre-market $ JPM $ BAC $ WFC $ C $ GS $ MS $ FB $ AMZN $ AAPL $ MSFT $ GOOGL $ XLF $ QQQ $ NFLX $ NVDA $ NFLX pic.twitter.com/EaXCWUcxpf";;;#FAAMG;"882937876849205248";https://twitter.com/pipsnticks/status/882937876849205248
EyesWideOpen_61;2017-07-06 12:21;0;0;"No research team knows executive suite/finances of $ tsla better than their banker when $ gs goes - saying best case worth 1/2 time to listen";;;;"882937643469860864";https://twitter.com/EyesWideOpen_61/status/882937643469860864
OptionAlarm;2017-07-06 12:20;0;0;"If you’re not making money in this market & want consistency, try our team http:// ow.ly/d5Vj30dnyTR $ FB $ NFLX $ AMZN $ GOOGL $ TSLA $ GS";;;;"882937217018208256";https://twitter.com/OptionAlarm/status/882937217018208256
TV_TradingIdeas;2017-07-06 12:14;0;0;"Buy Goldman Sachs for 240-250 $ GS http://www. tradingview.com/chart/GS/vyUAg UPE-Buy-Goldman-Sachs-for-240-250/ …";;;;"882935708142391296";https://twitter.com/TV_TradingIdeas/status/882935708142391296
ExactOptionPick;2017-07-06 12:01;0;0;"Don't miss our next FREE OPTION TRADE. Sign up for our Daily Free Trades at http:// ow.ly/Ch8a30dnysR $ NVDA $ TSLA $ GS $ GILD $ WMT $ GOOGL $ FB";;;;"882932391161057281";https://twitter.com/ExactOptionPick/status/882932391161057281
MaglanCapital;2017-07-06 11:54;0;0;"$ GS #Simon spin-off prep. Complex financial products to retain investors https:// lnkd.in/dQ8e3hW";;;#Simon;"882930835745370113";https://twitter.com/MaglanCapital/status/882930835745370113
TranscriptDaily;2017-07-06 11:45;0;0;"Stock Traders Purchase Large Volume of Goldman Sachs Group, Inc. $ The Call Options $ GS http:// ift.tt/2tUMCVq";;;;"882928577871826944";https://twitter.com/TranscriptDaily/status/882928577871826944
timmyotoole23;2017-07-06 11:43;0;0;"$ GS is short $ TSLA hhmm... thanks for the heads up ... have a good one";;;;"882928012647333888";https://twitter.com/timmyotoole23/status/882928012647333888
permabear_uk;2017-07-06 11:38;0;1;".... if only for a little while. Its certainly notable that $ GS are seeking $180 for $ TSLA . Have a good day.";;;;"882926755375394816";https://twitter.com/permabear_uk/status/882926755375394816
rickkystocks1;2017-07-06 11:37;0;0;"$ GS Share your opinions here #InvestorsHangout $ CHLXF $ NSPX $ FSPKF $ TDCAF $ FCBS http:// dlvr.it/PSct2N";;;#InvestorsHangout;"882926363811782657";https://twitter.com/rickkystocks1/status/882926363811782657
ExactOptionPick;2017-07-06 11:35;0;0;"Don't miss our next FREE OPTION TRADE. Sign up for our Daily Free Trades at http:// ow.ly/w6e730dnysO $ NVDA $ TSLA $ GS $ COST $ BAC $ GOOGL $ FB";;;;"882925876924567552";https://twitter.com/ExactOptionPick/status/882925876924567552
Drugdoctor2014;2017-07-06 11:22;0;2;"$ ICNB Christie Brinkley Promoting EXTRA TV SHOW!! WOW $ GS $ S $ GOOG $ DIS $ IBM $ MSFT $ BIDU . $ BLOZF $ KAYS $ NAK http:// extratv.com/videos/0-gy3bm dec/ …";;;;"882922628859691009";https://twitter.com/Drugdoctor2014/status/882922628859691009
chigrl;2017-07-06 11:01;2;7;"$ GS Annualized real Total Returns #gold #oil #HY #Equities #bonds pic.twitter.com/N9VwEjGWFf";;;#gold #oil #HY #Equities #bonds;"882917464719446016";https://twitter.com/chigrl/status/882917464719446016
optionalarmchat;2017-07-06 11:00;0;0;"REAL TIME TRADE ALERTS via PRIVATE $ TWTR FEED, perfect for people who have FT jobs and trade part-time! $ AMZN $ WMT $GOOGL $ BABA $ GS $ FB";;;;"882917272288931841";https://twitter.com/optionalarmchat/status/882917272288931841
WKRBNews;2017-07-06 10:40;0;0;"Wealthsource Partners LLC Takes Position in Goldman Sachs Group, Inc. $ The $ GS http:// ift.tt/2uNfXgE";;;;"882912203011223552";https://twitter.com/WKRBNews/status/882912203011223552
optionalarmchat;2017-07-06 10:40;0;0;"REAL TIME TRADE ALERTS via PRIVATE $ TWTR FEED, perfect for people who have FT jobs and trade part-time! $ AMZN $ NFLX $ GOOGL $ BABA $ GS $ FB";;;;"882912039710142464";https://twitter.com/optionalarmchat/status/882912039710142464
WatchlistN;2017-07-06 10:37;0;0;"Goldman Sachs Group, Inc. $ The $ GS Shares Sold by Bahl & Gaynor Inc. http:// ift.tt/2tt4G5L";;;;"882911439941505024";https://twitter.com/WatchlistN/status/882911439941505024
pelias01;2017-07-06 10:36;0;0;"Back To Banks https:// seekingalpha.com/article/408545 6-back-banks?source=tweet … $ BAC $ C $ GS $ JPM";;;;"882911175725527040";https://twitter.com/pelias01/status/882911175725527040
WKRBNews;2017-07-06 10:36;0;0;"Wealthsource Partners LLC Takes Position in Goldman Sachs Group, Inc. $ The $ GS http:// ift.tt/2uNyd9E";;;;"882911153533456384";https://twitter.com/WKRBNews/status/882911153533456384
ExactOptionPick;2017-07-06 10:35;0;0;"ACTIVE TRADERS choose one of these FREE trading guides: http:// ow.ly/WRwG30dnysP $ NFLX $ TSLA $ AAPL #MAGA $ GS $ FB $ AMZN $ GOOGL $ NVDA";;;#MAGA;"882910777333645313";https://twitter.com/ExactOptionPick/status/882910777333645313
srisri55;2017-07-06 10:30;0;0;"$ gs downgrade laughable. Looks like big boys wanted more from elon on model 3 delivery. Interesting to c all sudden negative $ tsla stories.";;;;"882909653977399297";https://twitter.com/srisri55/status/882909653977399297
bfsi_financial;2017-07-06 10:30;0;0;"#GoldmanSachs looking to spinoff one of its tech bets at $75mn valuation. Read more: http:// owler.us/acY2hL $ GS";;;#GoldmanSachs;"882909594338574336";https://twitter.com/bfsi_financial/status/882909594338574336
bfsi_financial;2017-07-06 10:29;0;0;"#GoldmanSachs , Berenberg both downgrade ratings for Intertek Group citing valuation grounds. Read more: http:// owler.us/acY2f1 $ GS";;;#GoldmanSachs;"882909438834651136";https://twitter.com/bfsi_financial/status/882909438834651136
bfsi_financial;2017-07-06 10:29;0;0;"#GoldmanSachs mulls spin-off of online tool for bond sales. Read more: http:// owler.us/acY2gt $ GS";;;#GoldmanSachs;"882909283469348864";https://twitter.com/bfsi_financial/status/882909283469348864
iamtito_;2017-07-06 10:13;0;0;"$ GS - Prospectus Filed Pursuant to Rule 424(b)(2) (424b2) http:// ih.advfn.com/p.php?pid=nmon a&article=75183596&adw=1126416 …";;;;"882905255951970304";https://twitter.com/iamtito_/status/882905255951970304
iamtito_;2017-07-06 10:13;0;0;"$ GS - Prospectus Filed Pursuant to Rule 424(b)(2) (424b2) http:// ih.advfn.com/p.php?pid=nmon a&article=75183603&adw=1126416 …";;;;"882905253145964545";https://twitter.com/iamtito_/status/882905253145964545
iamtito_;2017-07-06 10:13;0;0;"$ GS - Prospectus Filed Pursuant to Rule 424(b)(2) (424b2) http:// ih.advfn.com/p.php?pid=nmon a&article=75183634&adw=1126416 …";;;;"882905250671325184";https://twitter.com/iamtito_/status/882905250671325184
iamtito_;2017-07-06 10:10;0;0;"$ GS - Prospectus Filed Pursuant to Rule 424(b)(2) (424b2) http:// ih.advfn.com/p.php?pid=nmon a&article=75183569&adw=1126416 …";;;;"882904495117807617";https://twitter.com/iamtito_/status/882904495117807617
iamtito_;2017-07-06 10:10;0;0;"$ GS - Prospectus Filed Pursuant to Rule 424(b)(2) (424b2) http:// ih.advfn.com/p.php?pid=nmon a&article=75183570&adw=1126416 …";;;;"882904492957741056";https://twitter.com/iamtito_/status/882904492957741056
iamtito_;2017-07-06 10:10;0;0;"$ GS - Prospectus Filed Pursuant to Rule 424(b)(2) (424b2) http:// ih.advfn.com/p.php?pid=nmon a&article=75183574&adw=1126416 …";;;;"882904490810257412";https://twitter.com/iamtito_/status/882904490810257412
KLRTRDR;2017-07-06 10:08;0;0;"Fed posts banks' 'living wills' $ PRU $ BAC $ JPM $ GS $ BK $ C $ MS $ STT $ WFC http://www. seekingalpha.com/news/3277149";;;;"882904049867264000";https://twitter.com/KLRTRDR/status/882904049867264000
ProVesting;2017-07-06 10:08;0;1;"$ GS : It’s Time for Wall Street to Give Up Its Love Affair With the Dow Jones …: http://www. StockNewsWires.com/gs-its-time-fo r-wall-street-to-give-up-its-love-affair-with-the-dow-jones/ …";;;;"882904021408731136";https://twitter.com/ProVesting/status/882904021408731136
GreenStocks2016;2017-07-06 10:04;5;5;"$ EEM #CORRECTION 10YR CHART! $ spy $ tlt $ gs $ gld $ btc $ goog $ aapl $ fb $ dia $ nflx $ tsla $ msft $ bac $ amzn $ v $ jpm $ ma $ ms $ c $ wfc $ nke $ slv $ s pic.twitter.com/99vOGjhGXG";;;#CORRECTION;"882903164642623488";https://twitter.com/GreenStocks2016/status/882903164642623488
Markuscv;2017-07-06 09:53;0;0;"$ GS chart looks amazinggg!!!! Definitely anticipating this breakout!";;;;"882900383479324674";https://twitter.com/Markuscv/status/882900383479324674
wlstcom;2017-07-06 09:24;0;0;"Fed posts banks' 'living wills' #BAC #BankofAmericaCorporation $ PRU $ BAC $ JPM $ GS http:// wlst.com https:// seekingalpha.com/news/3277149-f ed-posts-banks-living-wills …";;;#BAC #BankofAmericaCorporation;"882893084761231362";https://twitter.com/wlstcom/status/882893084761231362
SEEKINGALPHA_FS;2017-07-06 09:24;0;0;"Fed posts banks' 'living wills' https:// seekingalpha.com/news/3277149-f ed-posts-banks-living-wills?source=twitter_sa_factset … $ PRU $ BAC $ JPM $ GS";;;;"882893082856873984";https://twitter.com/SEEKINGALPHA_FS/status/882893082856873984
MarketCurrents;2017-07-06 09:24;0;0;"Fed posts banks' 'living wills' https:// seekingalpha.com/news/3277149-f ed-posts-banks-living-wills?source=feed_f … $ PRU $ BAC $ JPM $ GS";;;;"882893081191645184";https://twitter.com/MarketCurrents/status/882893081191645184
NewsToDesk;2017-07-06 09:21;0;0;"$ TSLA $ GS : 6 Most Important Things In Business Today: http://www. StockNewsWires.com/tsla-gs-6-most -important-things-in-business-today/ …";;;;"882892140799340545";https://twitter.com/NewsToDesk/status/882892140799340545
Top_Dow_Stocks;2017-07-06 07:17;0;0;"#Dow #stocks $ GS Goldman Sachs Daily:-1.10% Weekly:2.05% YTD:-1.04% Trend:61 / 100 http:// 12Stocks.com/GS";;;#Dow #stocks;"882860982296395777";https://twitter.com/Top_Dow_Stocks/status/882860982296395777
EffizientLink;2017-07-06 07:12;0;1;"$ TSLA drops 6% simply because of $ GS price target now being $180. Inevitable, or justified? Is $ TSLA really worth >$300ps?";;;;"882859823145996288";https://twitter.com/EffizientLink/status/882859823145996288
iamtito_;2017-07-06 07:03;0;0;"$ GS - Goldman Says Stake In Simon Available -- WSJ http:// ih.advfn.com/p.php?pid=nmon a&article=75182366&adw=1126416 …";;;;"882857445772607488";https://twitter.com/iamtito_/status/882857445772607488
AurelGrinko;2017-07-06 06:28;0;1;"I also doubt it can go that low It would be like being back to November 2016! Anyway I read this analyst from $ GS is far from being reliable";;;;"882848769615769600";https://twitter.com/AurelGrinko/status/882848769615769600
midetimes;2017-07-06 06:16;1;0;"Stock Traders Purchase Large Volume of Goldman Sachs Group, Inc. $ The Call Options $ GS http:// ift.tt/2tsmfTE";;;;"882845653226881024";https://twitter.com/midetimes/status/882845653226881024
SP_Trades;2017-07-06 06:04;0;0;"Preparation is key! You'll want to read this: How to Develop a Powerful List of Stocks to Watch $ GS $ NFLX $ FB $ CAT http:// bit.ly/2oTRsPv";;;;"882842550469611520";https://twitter.com/SP_Trades/status/882842550469611520
slammingpicks;2017-07-06 05:14;0;0;"RT investingbuddy " #ValueInvesting Seems to be Losing, but Not Forever! Learn More in Article including $ GS & $BRK… https:// twitter.com/i/web/status/8 82828973545226240 … "";;;#ValueInvesting;"882829983059775488";https://twitter.com/slammingpicks/status/882829983059775488
pbrat40plus;2017-07-06 05:10;0;0;"#ValueInvesting Seems to be Losing, but Not Forever! Learn More in Article including $ GS & $ BRK.A by @TradeZer0 >> http:// ow.ly/f42m30dn2zs pic.twitter.com/GvVwFWds3N";;@TradeZer0;#ValueInvesting;"882828973868232704";https://twitter.com/pbrat40plus/status/882828973868232704
investingbuddy;2017-07-06 05:10;0;0;"#ValueInvesting Seems to be Losing, but Not Forever! Learn More in Article including $ GS & $ BRK.A by @TradeZer0 >> http:// ow.ly/f42m30dn2zs pic.twitter.com/InesscfxXy";;@TradeZer0;#ValueInvesting;"882828973545226240";https://twitter.com/investingbuddy/status/882828973545226240
CarlosVignote;2017-07-06 05:09;3;2;"+5,000 Community Banks are members of FHLBs,but they're violating the Charter in order to play with the upper hand vs $ WFC $ JPM $ BAC $ GS $ MS https:// twitter.com/CarlosVignote/ status/882650331573886976 …";;;;"882828879039213568";https://twitter.com/CarlosVignote/status/882828879039213568
paszportWS;2017-07-06 05:07;0;0;"#Polityka #JpMorgan $ GS $ JPM http:// paszportdowallstreet.pl/czy-londyn-prz etrwa-brexit …";;;#Polityka #JpMorgan;"882828288040865792";https://twitter.com/paszportWS/status/882828288040865792
paszportWS;2017-07-06 05:06;0;0;"#Polityka #JpMorgan $ GS $ JPM https:// paszport.ws/czy-londyn-prz etrwa-brexit …";;;#Polityka #JpMorgan;"882827969277898752";https://twitter.com/paszportWS/status/882827969277898752
VictorRSolis;2017-07-06 04:37;3;8;"#Mercers #KochBros Pence White supremacist Members of Congress $ GS Corrupt investment bankers Corrupt corporate executives Corrupt humans.";;;#Mercers #KochBros;"882820838143209475";https://twitter.com/VictorRSolis/status/882820838143209475
DrewZeitlin;2017-07-06 04:35;0;0;"$ GS will this #stocks make you $ Great Sales Q/Q closed in above avg vol 1 min video #Investor #Money #WallStreet http:// ow.ly/vLfH30dnQil";;;#stocks #Investor #Money #WallStreet;"882820161362907136";https://twitter.com/DrewZeitlin/status/882820161362907136
ExactOptionPick;2017-07-06 04:30;0;0;"ACTIVE TRADERS choose one of these FREE trading guides: http:// ow.ly/lJE730dnytF $ NFLX $ TSLA $ AAPL $ GILD $ GS $ FB $ AMZN $ GOOGL $ NVDA";;;;"882818937502797824";https://twitter.com/ExactOptionPick/status/882818937502797824
Jack65203;2017-07-06 04:30;0;0;"Goldman Sachs is looking to spinoff one of its tech bets at a $75 million valuation $ GS http://www. businessinsider.com/goldman-sachs- is-looking-to-sell-a-stake-in-fintech-bet-simon-2017-7 …";;;;"882818913670750208";https://twitter.com/Jack65203/status/882818913670750208
OptionAlarm;2017-07-06 04:20;1;0;"If you’re not making money in this market & want consistency, try our team http:// ow.ly/XStl30dnyUs $ FB $ NFLX $ AMZN $ GOOGL $ PYPL $ AAPL $ GS";;;;"882816401018429440";https://twitter.com/OptionAlarm/status/882816401018429440
bcwinbig;2017-07-06 04:05;0;2;"And don't worry Joe investor, once that bubble bursts and you lose 1/2 your investment, $ GS will still pay out bonuses to Brook & his team!";;;;"882812618871898113";https://twitter.com/bcwinbig/status/882812618871898113
ExactOptionPick;2017-07-06 04:00;0;0;"Don't miss our next FREE OPTION TRADE. Sign up for our Daily Free Trades at http:// ow.ly/5QiP30dnytD $ NVDA $ TSLA $ GS $ PCLN $ BAC $ GOOGL $ FB";;;;"882811423730135041";https://twitter.com/ExactOptionPick/status/882811423730135041
Grailstartrader;2017-07-06 03:08;1;3;"$ TSLA , $ GILD , $ AGN , $ IBM , $ COST & $ GS --All close to Buy Points. #GST";;;#GST;"882798371437760513";https://twitter.com/Grailstartrader/status/882798371437760513
cfromhertz;2017-07-06 02:45;1;5;"$ GS Sep 250 calls swept a couple times in first 10 mins of trading today - total: 2,417 GS Sep 250 C, ~ $500k premium - watch $227 support pic.twitter.com/tVA0HZ43jF";;;;"882792657210179585";https://twitter.com/cfromhertz/status/882792657210179585
BossHoggHazzard;2017-07-06 02:45;0;0;"Hey, I love the volatility. But I think $ GS knows there is problems w production & profit. Once $ TSLA not considered "growth", it's done";;;;"882792576130195456";https://twitter.com/BossHoggHazzard/status/882792576130195456
VistaPResearch;2017-07-06 02:42;0;1;"@TriggerOfTheDay thanks for RT! See Vista Partners #Investing #Growth #Income http://www. vistapglobal.com $ AXP $ JMP $ GS $ DIA $ INFO pic.twitter.com/N1JTDIWXz9";;@TriggerOfTheDay;#Investing #Growth #Income;"882791888050208769";https://twitter.com/VistaPResearch/status/882791888050208769
CalicoEmerald;2017-07-06 02:40;0;0;"LMAO $ GS !! $ TSLA , buy the dip.";;;;"882791305339785216";https://twitter.com/CalicoEmerald/status/882791305339785216
CEORater;2017-07-06 02:14;0;0;". @GoldmanSachs employee? Post about your experience: https://www. ceorater.com/ceo/625/606 #EmployeeEngagement #WorkLifeBalance #Anonymous #Goldman $ GS pic.twitter.com/Dl9F8EEYnE";;@GoldmanSachs;#EmployeeEngagement #WorkLifeBalance #Anonymous #Goldman;"882784754742984704";https://twitter.com/CEORater/status/882784754742984704
FrogNews;2017-07-06 02:05;0;0;"Rare to see $ gs advertise at all. I think they're using it to improve their PR problem..";;;;"882782528280698880";https://twitter.com/FrogNews/status/882782528280698880
KASDad;2017-07-06 01:56;1;0;"On a longer term chart of $ TSLA u can see $ GS tgt of 180 as reasonable & how common huge selloffs have been in the stk. $ SPX $ NDX $ IWM pic.twitter.com/XuYfnNnP6i";;;;"882780358630047744";https://twitter.com/KASDad/status/882780358630047744
NassarInvesting;2017-07-06 01:48;0;4;"$ BAC and $ JPM are my two favorites if XLF rips higher. $ GS could make up ground but I don't give it as high of odds as my first two.";;;;"882778311562285057";https://twitter.com/NassarInvesting/status/882778311562285057
FrogNews;2017-07-06 01:47;0;0;"Kinda interesting that right about the time @lloydblankfein comes on Twitter $ GS starts a promoted tweet/ad campaign.";;@lloydblankfein;;"882778001976557572";https://twitter.com/FrogNews/status/882778001976557572
gneffa;2017-07-06 01:45;1;8;"El tema de todos los años no es si vas haber default o no sino cuándo lo hará. Mientras haya otros $ GS financiando estira agonia y suspenso. https:// twitter.com/gusicohen/stat us/882711086096625664 …";;;;"882777430116638720";https://twitter.com/gneffa/status/882777430116638720
DrRidings;2017-07-06 01:31;0;0;"Assuming more downside on nvda & tsla. I like the look of regn long. You play $ xbi ? No interest in $ GS ?";;;;"882774075474669568";https://twitter.com/DrRidings/status/882774075474669568
bmpack;2017-07-06 01:31;0;0;"These $ GS alums are gonna make #BernieMadoff look like Santa";;;#BernieMadoff;"882773924987101184";https://twitter.com/bmpack/status/882773924987101184
PatrickWalker56;2017-07-06 01:09;0;5;"MAXLIST. Which one has cleanest base? $ BABA . $ GS is okay. BIgger picture base is lower-level. pic.twitter.com/xQvketos40";;;;"882768409154523136";https://twitter.com/PatrickWalker56/status/882768409154523136
bmpack;2017-07-06 01:07;0;0;"This #cabinet is set to pillage the #economy , #investors , #taxpayers & #middleclass . $ GS $ CIT #OneWest #Mnuchin #Treasury #Otting #OCC https:// twitter.com/CalReinvest/st atus/882749577408913408 …";;;#cabinet #economy #investors #taxpayers #middleclass #OneWest #Mnuchin #Treasury #Otting #OCC;"882767987849142272";https://twitter.com/bmpack/status/882767987849142272
JMVala_Trades;2017-07-06 00:41;1;10;"$ GS up and over some key fib levels and using volume as support, great upside R/r if price >227 pic.twitter.com/wNcqS6c8UX";;;;"882761425998970882";https://twitter.com/JMVala_Trades/status/882761425998970882
TraderGuruNY;2017-07-06 00:33;0;0;"Dow Jones Analysis Video - $ DJIA $ DIA $ SDOW $ XOM $ GE $ GS $ MRK $ PFE $ BMY $ VZ https:// stockmarketvideo.com/dow-jones-vide o/ … #stockmarket #stocks #trading #DowJones";;;#stockmarket #stocks #trading #DowJones;"882759487165263877";https://twitter.com/TraderGuruNY/status/882759487165263877
stockmarketvide;2017-07-06 00:31;0;0;"Dow Jones Analysis Video - $ DJIA $ DIA $ SDOW $ XOM $ GE $ GS $ MRK $ PFE $ BMY $ VZ https:// stockmarketvideo.com/dow-jones-vide o/ … #stockmarket #stocks #trading #DowJones";;;#stockmarket #stocks #trading #DowJones;"882758939779182592";https://twitter.com/stockmarketvide/status/882758939779182592
Sandro_power;2017-07-06 00:20;3;5;"$ AAPL $ GS $ STUDY https:// youtu.be/YQXuy1y6qn8";;;;"882756158490107906";https://twitter.com/Sandro_power/status/882756158490107906
InvResDynamics;2017-07-06 00:14;0;1;"$ TSLA $ GS I heard Musk was working on an electronic spaceship that flies to Mars. Will announce before the next bad news hits on Model 3 https:// twitter.com/Stalingrad_Poo r/status/882663793062367232 …";;;;"882754623726993408";https://twitter.com/InvResDynamics/status/882754623726993408
InvResDynamics;2017-07-06 00:09;0;4;"$ GS putting a $180 price target on $ TSLA is GS' politically correct way of telling us it's going to $0. http:// investmentresearchdynamics.com/tesla-is-a-big -pile-of-sh_t/ … https:// twitter.com/markbspiegel/s tatus/882748694344368128 …";;;;"882753304215695360";https://twitter.com/InvResDynamics/status/882753304215695360
bfsi_financial;2017-07-06 00:02;0;0;"#GoldmanSachs Goldman Eyes Spinoff of Simon, an Online Tool for Bond Sales. Read more: http:// owler.us/acYS25 $ GS";;;#GoldmanSachs;"882751574027534336";https://twitter.com/bfsi_financial/status/882751574027534336